LIEN	COTE	DATE	MOTMATIERE	CHAPITRE	CREATEUR	LIEU	DEPARTEMENT	DIM	TITRE	BIBLIO	COLLECTION	UID	latitude	longitude
http://sallevirtuelle.cotesdarmor.fr/CP/cpx/cp/Cartes_postales/AD22_16_Fi_0102_0003.jpg	16_Fi 102	s.d. [1914]	/PAYSAGE/BARRAGE/CHUTE D'EAU/	OUVRAGE D'ART	EDITEUR : WARON A.	Allineuc	Côtes-d'Armor	9 X 14	La Bretagne pittoresque. Chute d'eau du barrage de Bosméléac (C.du.N). (alimentant le canal de Nantes à Brest).	La Bretagne pittoresque. Chute d'eau du barrage de Bosméléac (C.du.N). (alimentant le canal de Nantes à Brest). Ed. : A. Waron. Carte postale. - Saint-Brieuc, s.d. [ca 1914], dim. : 9 x 14, noir et blanc.	Cartes postales	0e1c2745-1400-4e1b-baff-dbc51d37a842	48.3147732	-2.9043171
http://sallevirtuelle.cotesdarmor.fr/CP/cpx/cp/Cartes_postales/AD22_16_Fi_0111_0012.jpg	16_Fi 111	s.d. [1908-1920]	/HOPITAL PSYCHIATRIQUE/VUE D'ARCHITECTURE/BATIMENT/SERRE/BUANDERIE/	COMMUNAUTE RELIGIEUSE/ HOPITAL	PHOTOGRAPHE : LE GUYADER F.	Bégard	Côtes-d'Armor	9 X 14	Bégard - Le Bon-Sauveur. Les Serres. Sainte Philomène et la Buanderie.	Bégard - Le Bon-Sauveur. Les Serres. Sainte Philomène et la Buanderie. Photographe : F. Le Guyader. Carte postale. - Bégard, s.d. [ca 1908-1920], dim. : 9 x 14, noir et blanc.	Cartes postales	03c2f756-eebf-4d63-8f65-0e54e6a2e32e	48.630456	-3.300603
http://sallevirtuelle.cotesdarmor.fr/CP/cpx/cp/Cartes_postales/AD22_16_Fi_0121_0022.jpg	16_Fi 121	s.d. [1931]	/HOPITAL PSYCHIATRIQUE/VUE D'INTERIEUR/REFECTOIRE/SCENE/RELIGIEUSE/VAISSELLE/COUVERT/	COMMUNAUTE RELIGIEUSE/ HOPITAL	PHOTOGRAPHE : BINET	Bégard	Côtes-d'Armor	9 X 14	Le Bon Sauveur. Bégard (C. du N.). Un réfectoire de l'asile.	Le Bon Sauveur. Bégard (C. du N.). Un réfectoire de l'asile. Photographe : R. Binet. Carte postale. - Saint-Brieuc, s.d. [ca 1931], dim. : 9 x 14, noir et blanc.	Cartes postales	0862971d-264d-471f-a870-cfd90dfe4749	48.630456	-3.300603
http://sallevirtuelle.cotesdarmor.fr/CP/cpx/cp/Cartes_postales/AD22_16_Fi_0132_0033.jpg	16_Fi 132	s.d. [1931]	/HOPITAL PSYCHIATRIQUE/VUE D'ARCHITECTURE/PORCHERIE/BASSE-COUR/	COMMUNAUTE RELIGIEUSE/ HOPITAL	PHOTOGRAPHE : BINET	Bégard	Côtes-d'Armor	9 X 14	Le Bon Sauveur. Bégard (C. du N.). Porcherie et basse-cour.	Le Bon Sauveur. Bégard (C. du N.). Porcherie et basse-cour. Photographe : R. Binet. Carte postale. - Saint-Brieuc, s.d. [ca 1931], dim. : 9 x 14, noir et blanc.	Cartes postales	0ec868cd-c46e-44b8-a7f9-e083373faea7	48.630456	-3.300603
http://sallevirtuelle.cotesdarmor.fr/CP/cpx/cp/Cartes_postales/AD22_16_Fi_0149_0050.jpg	16_Fi 149	s.d. [1931]	/VUE D'INTERIEUR/CLOITRE/RELIGIEUSE/HOPITAL PSYCHIATRIQUE/	COMMUNAUTE RELIGIEUSE/ HOPITAL	PHOTOGRAPHE : BINET	Bégard	Côtes-d'Armor	9 X 14	Le Bon Sauveur. Bégard (C. du N.). Le cloître Saint-Michel.	Le Bon Sauveur. Bégard (C. du N.). Le cloître Saint-Michel. Photographe : R. Binet. Carte postale. - Saint-Brieuc, s.d. [ca 1931], dim. : 9 x 14, noir et blanc.	Cartes postales	03710e6c-6629-4359-93ad-216c8b81b0a0	48.630456	-3.300603
http://sallevirtuelle.cotesdarmor.fr/CP/cpx/cp/Cartes_postales/AD22_16_Fi_0155_0056.jpg	16_Fi 155	s.d. [1931]	/HOPITAL PSYCHIATRIQUE/CHAPELLE/VUE D'INTERIEUR/TRIBUNE/	COMMUNAUTE RELIGIEUSE/ HOPITAL	PHOTOGRAPHE : BINET	Bégard	Côtes-d'Armor	9 X 14	Le Bon Sauveur. Bégard (C. du N.). Chapelle et tribune des pensionnaires.	Le Bon Sauveur. Bégard (C. du N.). Chapelle et tribune des pensionnaires. Photographe : R. Binet. Carte postale. - Saint-Brieuc, s.d. [ca 1931], dim. : 9 x 14, noir et blanc.	Cartes postales	12bf3b6a-7644-429f-bd8a-3ccb5f612407	48.630456	-3.300603
http://sallevirtuelle.cotesdarmor.fr/CP/cpx/cp/Cartes_postales/AD22_16_Fi_0173_0074.jpg	16_Fi 173	s.d. [1931]	/CONGREGATION RELIGIEUSE/BATIMENT/VUE D'ARCHITECTURE/	COMMUNAUTE RELIGIEUSE/ HOPITAL	PHOTOGRAPHE : BINET	Trégastel	Côtes-d'Armor	9 X 14	Le Bon Sauveur. Bégard (C. du N.). Trégastel. Maison blanche.	Le Bon Sauveur. Bégard (C. du N.). Trégastel. Maison blanche. Photographe : R. Binet. Carte postale. - Saint-Brieuc, s.d. [1931], dim. : 9 x 14, noir et blanc.	Cartes postales	1df10ad4-bb02-44c9-b4a1-3387daaf1e10	48.816988	-3.513349
http://sallevirtuelle.cotesdarmor.fr/CP/cpx/cp/Cartes_postales/AD22_16_Fi_0176_0077.jpg	16_Fi 176	s.d. [1929-1937]	/HOPITAL PSYCHIATRIQUE/CHAPELLE/VUE D'INTERIEUR/VUE D'ARCHITECTURE/	COMMUNAUTE RELIGIEUSE/ HOPITAL	COLLECTION : LE GUYADER F./PHOTOGRAPHE : PHOTO-MODERNE	Bégard	Côtes-d'Armor	9 X 14	Bégard - Le Bon Sauveur. Intérieur de l'église - Vue prise de l'autel.	Bégard -  Le Bon Sauveur. Intérieur de l'église - Vue prise de l'autel. Collection F. Le Guyader, Photo-Moderne. Carte postale. - Bégard, s.d. [ca 1929-1937], dim. : 9 x 14, noir et blanc.	Cartes postales	185ebe41-0a36-48f1-92b5-c4ee30b1bf2e	48.630456	-3.300603
http://sallevirtuelle.cotesdarmor.fr/CP/cpx/cp/Cartes_postales/AD22_16_Fi_0177_0078.jpg	16_Fi 177	s.d. [1929-1937]	/VUE D'ARCHITECTURE/RUE/CLOCHER/FEMME/PORTAGE/BASSINE/ENFANT/	ARCHITECTURE URBAINE	EDITEUR : HAMONIC E.	Bégard	Côtes-d'Armor	9 X 14	Bégard - Rue de l'église.	Bégard - Rue de l'église. Photographe : E. Hamonic. Carte postale. - Saint-Brieuc, s.d. [ca 1929-1937], dim. : 9 x 14, sépia	Cartes postales	0b6c663c-b59e-4c36-b199-001896b09b5b	48.630456	-3.300603
http://sallevirtuelle.cotesdarmor.fr/CP/cpx/cp/Cartes_postales/AD22_16_Fi_0183_0084.jpg	16_Fi 183	s.d. [1904-1908]	/VUE D'ARCHITECTURE/RUE/PERSONNAGE/	ARCHITECTURE URBAINE	PHOTOGRAPHE : A.B. ET CIE/COLLECTION : LE GRAND C.	Belle-Isle-en-Terre	Côtes-d'Armor	9 X 14	Belle-Isle-en-Terre. - Rue du Pont Cunuder.	Belle-Isle-en-Terre. - Rue du Pont Cunuder. Photographe : A.B & Cie. Carte postale. - Callac, collection : C. Le Grand, s.d. [1904-1908], dim. : 9 x 14, noir et blanc.	Cartes postales	130c1ba5-7dcd-411b-bde8-f0508eb50844	48.5380404	-3.4493771
http://sallevirtuelle.cotesdarmor.fr/CP/cpx/cp/Cartes_postales/AD22_16_Fi_0193_0094.jpg	16_Fi 193	s.d. [1904-1908]	/VUE D'ARCHITECTURE/MAISON/	ARCHITECTURE D'HABITATION	EDITEUR : HAMON	Belle-Isle-en-Terre	Côtes-d'Armor	14 X 9	Belle-Isle-en-Terre. - Une villa.	Belle-Isle-en-Terre. - Une villa. Carte postale. - Guingamp, coll. : Hamon, s.d. [ca 1904-1908], dim. : 14 x 9, noir et blanc.	Cartes postales	23e1ed9e-f120-43ee-8343-6918a470b6cf	48.5380404	-3.4493771
http://sallevirtuelle.cotesdarmor.fr/CP/cpx/cp/Cartes_postales/AD22_16_Fi_0199_0100.jpg	16_Fi 199	s.d. [1904-1908]	/PAYSAGE/RIVIERE/BARRAGE/PERSONNAGE/ROUTE/MAISON/	ARCHITECTURE URBAINE	EDITEUR : HAMON	Belle-Isle-en-Terre	Côtes-d'Armor	9 X 14	Belle-Isle-en-Terre. - Les bords du Guer - Route de Plounévez-Moëdec.	Belle-Isle-en-Terre. - Les bords du Guer - Route de Plounévez-Moëdec. Carte postale. - Guingamp, coll. : Hamon, s.d. [ca 1904-1908], dim. : 9 x 14, noir et blanc.	Cartes postales	14363115-6e93-42ec-93b3-c75d153bf2ab	48.5380404	-3.4493771
http://sallevirtuelle.cotesdarmor.fr/CP/cpx/cp/Cartes_postales/AD22_16_Fi_0205_0106.jpg	16_Fi 205	s.d. [1904-1908]	/EGLISE/CIMETIERE/	ARCHITECTURE RELIGIEUSE	EDITEUR : HAMON	Belle-Isle-en-Terre	Côtes-d'Armor	9 X 14	Belle-Isle-en-Terre. - Le cimetière.	Belle-Isle-en-Terre. - Le cimetière. Carte postale. - Guingamp, coll. : Hamon, s.d. [ca 1904-1908], dim. : 9 x 14, noir et blanc.	Cartes postales	0f40cfaa-14a2-4ce7-bd50-57c5be9adfc8	48.5380404	-3.4493771
http://sallevirtuelle.cotesdarmor.fr/CP/cpx/cp/Cartes_postales/AD22_16_Fi_0211_0112.jpg	16_Fi 211	s.d. [1904-1908]	/VUE D'ARCHITECTURE/RUE/GROUPE/HOMME/FEMME/ENFANT/	ARCHITECTURE URBAINE	PHOTOGRAPHE : A.B. ET CIE/PHOTOGRAPHE : CADORET P.	Belle-Isle-en-Terre	Côtes-d'Armor	9 X 14	Belle-Isle-en-Terre. Avenue des Bicyclettes.	Belle-Isle-en-Terre. Avenue des Bicyclettes. Photographe : A., B. et Cie Nancy. Carte postale. - S.l., s.d. [1904-1908], dim. : 9 x 14, noir et blanc.	Cartes postales	00937eab-8667-4270-922b-1cdf38583a07	48.5380404	-3.4493771
http://sallevirtuelle.cotesdarmor.fr/CP/cpx/cp/Cartes_postales/AD22_16_Fi_0213_0114.jpg	16_Fi 213	s.d. [1904-1906]	/PORTRAIT/FEMME/MENDICITE/	MENDIANT	EDITEUR : LE GUYADER	Belle-Isle-en-Terre	Côtes-d'Armor	14 X 9	La Bretagne illustrée. Belle-Isle-en-Terre. - Une mendiante.	La Bretagne illustrée. Belle-Isle-en-Terre. - Une mendiante. (Portrait en pied). Carte postale. - Bégard, coll. : Le Guyader, s.d. [1904-1906], dim. : 14 x 9, noir et blanc.	Cartes postales	15d70190-c991-453c-ba26-f236e9624154	48.5380404	-3.4493771
http://sallevirtuelle.cotesdarmor.fr/CP/cpx/cp/Cartes_postales/AD22_16_Fi_0218_0119.jpg	16_Fi 218	s.d. [1937]	/PORT/JETEE/BATEAU/PERSONNAGE/MAISON/	ARCHITECTURE MARITIME	EDITEUR : WARON A./COLLECTION : WARON J.	Binic	Côtes-d'Armor	9 X 14	La Bretagne pittoresque. Binic. - L'Avant-Port - La Jetée.	La Bretagne Pittoresque. Binic. - L'Avant-Port - La Jetée. Carte postale. - Saint-Brieuc, ed. : A. Waron, s.d. [1937], dim. : 9 x 14, sépia.	Cartes postales	15b275c4-e449-4f86-ae60-38e1bb169f64	48.601485	-2.82492
http://sallevirtuelle.cotesdarmor.fr/CP/cpx/cp/Cartes_postales/AD22_16_Fi_0219_0120.jpg	16_Fi 219	s.d. [1937]	/VUE D'ARCHITECTURE/VILLE/PORT/QUAI/PERSONNAGE/	ARCHITECTURE URBAINE	EDITEUR : WARON A.	Binic	Côtes-d'Armor	9 X 14	La Bretagne Pittoresque. Binic - Les Quais.	La Bretagne Pittoresque. Binic - Les Quais. Carte postale. - Saint-Brieuc, ed. : A. Waron, s.d. [ca 1937], dim. : 9 x 14, sépia.	Cartes postales	063a33ab-89ef-4a90-9fdb-433e398e68c7	48.601485	-2.82492
http://sallevirtuelle.cotesdarmor.fr/CP/cpx/cp/Cartes_postales/AD22_16_Fi_0222_0123.jpg	16_Fi 222	s.d. [1926]	/SCENE/JETEE/PHARE/FOULE/ATTENTE/BATEAU A VOILE/RETOUR/PECHE/	PECHE MARITIME	PHOTOGRAPHE : MANCEL/EDITEUR : MANCEL	Binic	Côtes-d'Armor	9 X 14	Binic. - Navires islandais rentrant au port.	Binic. - Navires islandais rentrant au port. Carte postale. - Dinan, ed. : Mancel, s.d. [ca 1926], dim. : 9 x 14, bleu.	Cartes postales	0d2e9d58-cb06-4df6-a761-de5a472577b5	48.601485	-2.82492
http://sallevirtuelle.cotesdarmor.fr/CP/cpx/cp/Cartes_postales/AD22_16_Fi_0251_0152.jpg	16_Fi 251	s.d. [1925]	/PAYSAGE/PLAGE/FALAISE/ABRI/PERSONNAGE/AUTOMOBILE/CHARRETTE/	BORD DE MER	EDITEUR : MANCEL	Binic	Côtes-d'Armor	9 X 14	Binic - Entrée du Goulet.	Binic - Entrée du Goulet. Carte postale. - Dinan, ed. : Mancel, s.d. [ca 1925], dim. : 9 x 14, sépia.	Cartes postales	0a2d8393-961b-4ee6-b908-e2e278fd4f7c	48.601485	-2.82492
http://sallevirtuelle.cotesdarmor.fr/CP/cpx/cp/Cartes_postales/AD22_16_Fi_0266_0167.jpg	16_Fi 266	s.d. [1937]	/PLAGE/FOULE/JEUX/PLONGEOIR/	BORD DE MER	EDITEUR : COMPAGNIE DES ARTS PHOTOMECANIQUES	Binic	Côtes-d'Armor	9 X 14	Binic. - Les jeux sur la Plage.	Binic. - Les jeux sur la Plage. Carte postale. - Strasbourg, ed. : Cie des Arts Photomécaniques, s.d. [ca 1937], dim. : 9 x 14, noir et blanc.	Cartes postales	2053568b-11c7-4f56-b963-527367fa9ac2	48.601485	-2.82492
http://sallevirtuelle.cotesdarmor.fr/CP/cpx/cp/Cartes_postales/AD22_16_Fi_0273_0174.jpg	16_Fi 273	s.d. [1922]	/VUE D'ARCHITECTURE/CORDERIE/QUARTIER/BORD DE MER/FALAISE/	ARCHITECTURE INDUSTRIELLE	EDITEUR : MANCEL	Binic	Côtes-d'Armor	9 X 14	Binic - Corderie de la Ville Cadio.	Binic - Corderie de la Ville Cadio. Carte postale- Binic, ed. : Mancel, s.d. [ca 1922], dim. : 9 x 14, noir et blanc.	Cartes postales	104f2de6-070b-42e4-acbc-141963a94794	48.601485	-2.82492
http://sallevirtuelle.cotesdarmor.fr/CP/cpx/cp/Cartes_postales/AD22_16_Fi_0276_0177.jpg	16_Fi 276	s.d. [1904-1908]	/PAYSAGE/PLAGE/MAREE BASSE/CABINE DE BAIN/VUE D'ARCHITECTURE/QUARTIER/	BORD DE MER	EDITEUR : MANCEL	Binic	Côtes-d'Armor	9 X 14	Binic vu de la Banche.	Binic vu de la Banche. Carte postale. - Binic, ed. : A. Mancel, s.d. [ca 1904-1908], dim. : 9 x 14, noir et blanc.	Cartes postales	1ac0f085-1d3a-4a69-a881-192625233c96	48.601485	-2.82492
http://sallevirtuelle.cotesdarmor.fr/CP/cpx/cp/Cartes_postales/AD22_16_Fi_0296_0197.jpg	16_Fi 296	s.d. [1904-1908]	/VUE D'ARCHITECTURE/MANOIR/PUITS/	ARCHITECTURE D'HABITATION	COLLECTION : LAURENT H.	Bodéo (Le)	Côtes-d'Armor	9 X 14	Le Bodéo, près Quintin. - Manoir de Keringant.	Le Bodéo, près Quintin. - Manoir de Keringant. Carte postale. - Port-Louis, coll. : H. Laurent, s.d. [1904-1908], dim. : 9 x 14, noir et blanc.	Cartes postales	0aa8ed9b-b0b9-4f06-832b-b73c5c70e9a8	48.4023827	-2.8408179
http://sallevirtuelle.cotesdarmor.fr/CP/cpx/cp/Cartes_postales/AD22_16_Fi_0297_0198.jpg	16_Fi 297	s.d. [1904-1908]	/VUE D'ARCHITECTURE/MANOIR/PORTE/	ARCHITECTURE D'HABITATION	COLLECTION : LAURENT H.	Bodéo (Le)	Côtes-d'Armor	9 X 14	Le Bodéo, près Quintin. - Porte du manoir de Kéringant. Le haut de cette porte servit de refuge à Georges Cadoudal.	Le Bodéo, près Quintin. - Porte du manoir de Kéringant. Le haut de cette porte servit de refuge à Georges Cadoudal. Carte postale. - Port-Louis, coll. : H. Laurent, s.d. [ca 1904-1908], dim. : 9 x 14, noir et blanc.	Cartes postales	0b4b43c0-64dc-4cc1-a228-f75bcbb3c563	48.4023827	-2.8408179
http://sallevirtuelle.cotesdarmor.fr/CP/cpx/cp/Cartes_postales/AD22_16_Fi_0307_0208.jpg	16_Fi 307	s.d. [1920-1930]	/VUE D'ARCHITECTURE/RUE/EGLISE/	ARCHITECTURE RELIGIEUSE	COLLECTION ROBINE/EDITEUR : GOURIOU J.	Bourbriac	Côtes-d'Armor	14 X 9	Bourbriac. L'église - Rue de Plésidy.	Bourbriac. L'église - Rue de Plésidy. Carte postale. - S.l., ed. : J. Gouriou, s.d. [ca 1920-1930], dim. : 14 x 9, sépia.	Cartes postales	0ed70238-e023-4f63-99ba-663c15c6a726	48.473699	-3.188376
http://sallevirtuelle.cotesdarmor.fr/CP/cpx/cp/Cartes_postales/AD22_16_Fi_0325_0226.jpg	16_Fi 325	s.d. [1930-1939]	/PAYSAGE/BORD DE MER/ROCHER/VILLAGE/		EDITEUR : WARON A.	Ile-de-Bréhat	Côtes-d'Armor	9 X 14	La Bretagne Pittoresque. -  Ile de Bréhat. - Vue sur la butte Saint-Michel.	La Bretagne Pittoresque. -  Ile de Bréhat. - Vue sur la butte Saint-Michel. Carte postale. -  Saint-Brieuc, ed. : A. Waron, s.d. [ca 1930-1939], dim. : 9 x 14, vert.	Cartes postales	21e70b4e-37c6-40fe-ab6c-f0f8b2924430	48.8500824	-3.0175881
http://sallevirtuelle.cotesdarmor.fr/CP/cpx/cp/Cartes_postales/AD22_16_Fi_0344_0245.jpg	16_Fi 344	s.d. [1930-1939]	/PAYSAGE/BORD DE MER/		IMPR. : LEVY ET NEURDEIN REUNIS	Ile-de-Bréhat	Côtes-d'Armor	9 X 14	Ile Bréhat - La pointe de Pen et Noan à travers les pins.	Ile Bréhat - La pointe de Pen et Noan à travers les pins. Carte postale. -  Paris, impr. : Levy et Neurdein réunis, s.d. [ca 1930-1939], dim. : 9 x 14, sépia.	Cartes postales	22c757b9-e284-4b46-9d09-5b8fae8cd633	48.8500824	-3.0175881
http://sallevirtuelle.cotesdarmor.fr/CP/cpx/cp/Cartes_postales/AD22_16_Fi_0358_0259.jpg	16_Fi 358	s.d. [1920-1930]	/PAYSAGE/BORD DE MER/ILE/SEMAPHORE/VILLAGE/		PHOTOGRAPHE : ND	Ile-de-Bréhat	Côtes-d'Armor	9 X 14	Ile de Bréhat. (Côtes-du-Nord). - La Corderie et le sémaphore.	Ile de Bréhat. (Côtes-du-Nord). - La Corderie et le sémaphore. Photographe : N.D. Carte postale. - S.l., s.d. [ca 1920-1930], dim. : 9 x 14, noir et blanc.	Cartes postales	0944f524-e7ae-4eab-9fab-97fde22d451f	48.8500824	-3.0175881
http://sallevirtuelle.cotesdarmor.fr/CP/cpx/cp/Cartes_postales/AD22_16_Fi_0360_0261.jpg	16_Fi 360	s.d. [1908-1920]	/PLACE/EGLISE/PRESBYTERE/		PHOTOGRAPHE : BRUEL A.	Ile-de-Bréhat	Côtes-d'Armor	9 X 14	Ile de Bréhat. (C-du-N.). - Un coin du bourg et de la chapelle.	Ile de Bréhat. (C.-du-N.). - Un coin du bourg et de la chapelle. Photographe : A. Bruel. Carte postale. -  Angers, s.d. [ca 1908-1920], dim. : 9 x 14, noir et blanc.	Cartes postales	1ebe4eee-ed54-4e5f-a4b3-3972fb4cf77a	48.8500824	-3.0175881
http://sallevirtuelle.cotesdarmor.fr/CP/cpx/cp/Cartes_postales/AD22_16_Fi_0363_0264.jpg	16_Fi 363	s.d. [1920-1930]	/PAYSAGE/BORD DE MER/MOULIN A MAREE/		DEL. : L. SEEVAGEN./ IMPR. : LEVY ET NEURDEIN REUNIS	Ile-de-Bréhat	Côtes-d'Armor	9 X 14	Ile de Bréhat. - Moulin à mer.	Ile de Bréhat.  - Moulin à mer. Del. : L. Seevagen. Carte postale. -  Paris, impr. : lévy et Neurdein réunis, s.d. [ca 1920-1930], dim. : 9 x 14, sépia.	Cartes postales	15280a45-69f1-4816-8427-0fcce50a1aca	48.8500824	-3.0175881
http://sallevirtuelle.cotesdarmor.fr/CP/cpx/cp/Cartes_postales/AD22_16_Fi_0368_0269.jpg	16_Fi 368	s.d. [1930-1939]	/PAYSAGE/BORD DE MER/ROCHER/		EDITEUR : EDITIONS D'ART YVON	Ile-de-Bréhat	Côtes-d'Armor	9 X 14	Côte de granit - Ile de Bréhat. La rive de l'île à l'arrivée.	Côte de granit - Ile de Bréhat. La rive de l'île à l'arrivée. Carte postale. -  Paris, ed. : Editions d'art Yvon, s.d. [ca 1930-1939], dim. : 9 x 14, noir et blanc.	Cartes postales	1448aef3-980c-4be7-8c5e-13c1c2f5ccf3	48.8500824	-3.0175881
http://sallevirtuelle.cotesdarmor.fr/CP/cpx/cp/Cartes_postales/AD22_16_Fi_0375_0276.jpg	16_Fi 375	s.d. [1930-1939]	/PAYSAGE/BORD DE MER/BOIS/PIN/ROCHER/		EDITEUR : EDITIONS D'ART YVON	Ile-de-Bréhat	Côtes-d'Armor	9 X 14	Ile de Bréhat (Côtes-du-Nord). - Les pins et la lande.	Ile de Bréhat (Côtes-du-Nord). - Les pins et la lande. Carte postale. -  Paris, ed. : Editions d'art Yvon,, s.d. [ca 1930-1939], dim. : 9 x 14, noir et blanc.	Cartes postales	258ec52b-07bb-4b38-aa99-6674dc8d2c77	48.8500824	-3.0175881
http://sallevirtuelle.cotesdarmor.fr/CP/cpx/cp/Cartes_postales/AD22_16_Fi_0376_0277.jpg	16_Fi 376	s.d. [1908-1920]	/PAYSAGE/BORD DE MER/ROCHER/		PHOTOGRAPHE : BRUEL A.	Ile-de-Bréhat	Côtes-d'Armor	9 X 14	Ile de Bréhat (C.-du-N.). - Les curieux rochers du Paon.	Ile de Bréhat (C.-du-N.). - Les curieux rochers du Paon. Photographe : A. Bruel. Carte postale. -  Angers, s.d. [ca 1908-1920], dim. : 9 x 14, noir et blanc.	Cartes postales	19f17853-b055-45b3-ba56-7c2574c18c89	48.8500824	-3.0175881
http://sallevirtuelle.cotesdarmor.fr/CP/cpx/cp/Cartes_postales/AD22_16_Fi_0409_0310.jpg	16_Fi 409	s.d. [1904-1908]	/ROCHER/PERSONNAGE/		EDITEUR : BARAT	Ile-de-Bréhat	Côtes-d'Armor	9 X 14	Ile de Bréhat  (C.-du-N.) - Rocher de Crouézen.	Ile de Bréhat  - Rocher de Crouézen. Carte postale. - Saint-Quay-Portrieux, édit.-phot. : J.B. Barat, s.d. [ca 1904-1908], dim. : 9 x 14, noir et blanc.	Cartes postales	13a45625-a996-4ec2-9a2a-fac245b96c20	48.8500824	-3.0175881
http://sallevirtuelle.cotesdarmor.fr/CP/cpx/cp/Cartes_postales/AD22_16_Fi_0415_0316.jpg	16_Fi 415	s.d. [1904-1908]	/COLLECTION/VERRE/ASSIETTE/PORTRAIT/PEINTURE/		EDITEUR : HAMON	Ile-de-Bréhat	Côtes-d'Armor	9 X 14	Environs de Paimpol - Ile de Bréhat - Les décapités.	Environs de Paimpol - Ile de Bréhat - Les décapités. Carte postale. -  Guingamp, coll. : Hamon, s.d. [ca 1904-1908], dim. : 9 x 14, noir et blanc.	Cartes postales	233a1e6c-591f-43ec-b331-7c6d6bb7f022	48.8500824	-3.0175881
http://sallevirtuelle.cotesdarmor.fr/CP/cpx/cp/Cartes_postales/AD22_16_Fi_0447_0348.jpg	16_Fi 447	s.d. [1904-1905]	/PAYSAGE/BORD DE MER/ROCHER/PHARE/		EDITEUR : RENAULT/ PHOTOGRAPHE : VUIBERT	Ile-de-Bréhat	Côtes-d'Armor	9 X 14	Ile de Bréhat - Le phare du Paon.	Ile de Bréhat - Le phare du Paon. Photographe : Vuibert. Carte postale. - Paimpol, ed. : Renault, s.d. [ca 1904-1905], dim. : 9 x 14, noir et blanc.	Cartes postales	1c0c2944-7585-4071-9fa5-6786164f99aa	48.8500824	-3.0175881
http://sallevirtuelle.cotesdarmor.fr/CP/cpx/cp/Cartes_postales/AD22_16_Fi_0462_0363.jpg	16_Fi 462	s.d. [1910-1920]	/PAYSAGE/PORT/VILLAGE/PIN/		PHOTOGRAPHE : ND	Ile-de-Bréhat	Côtes-d'Armor	9 X 14	Ile de Bréhat - A travers les sapins du Port-Clos.	Ile de Bréhat - A travers les sapins du Port-Clos. Photographe : N.D. Carte postale. - S.l., s.d. [ca 1910-1920], dim. : 9 x 14, noir et blanc.	Cartes postales	01ad2230-a269-4be1-a26b-127dce48d22f	48.8500824	-3.0175881
http://sallevirtuelle.cotesdarmor.fr/CP/cpx/cp/Cartes_postales/AD22_16_Fi_0465_0366.jpg	16_Fi 465	s.d. [1920-1930]	/PAYSAGE/CROIX/BORD DE MER/ILE/		EDITEUR : LL/EDITEUR : LEVY ET NEURDEIN REUNIS	Ile-de-Bréhat	Côtes-d'Armor	9 X 14	Ile de Bréhat - La croix de Saint-Michel et les îlots de Kerpont.	Ile de Bréhat - La croix de Saint-Michel et les îlots de Kerpont. Carte postale. - Paris, impr. : Lévy et Neurdein réunis, s.d. [ca 1920-1930], dim. : 9 x 14, noir et blanc.	Cartes postales	1a7252e6-a0d1-4f60-88f5-d8a1e5be0d16	48.8500824	-3.0175881
http://sallevirtuelle.cotesdarmor.fr/CP/cpx/cp/Cartes_postales/AD22_16_Fi_0470_0371.jpg	16_Fi 470	s.d. [1920-1930]	/PAYSAGE/BORD DE MER/PHARE/		PHOTOGRAPHE : ND/IMPR. : LEVY ET NEURDEIN REUNIS	Ile-de-Bréhat	Côtes-d'Armor	9 X 14	Ile de Bréhat - Le phare du Paon par grosse mer.	Ile de Bréhat - Le phare du Paon par grosse mer. Photographe : N.D. Carte postale. - Paris, impr. : Lévy et Neurdein réunis, s.d. [ca 1920-1930], dim. : 9 x 14, noir et blanc.	Cartes postales	024a1224-9fa4-4005-8479-a760151421ec	48.8500824	-3.0175881
http://sallevirtuelle.cotesdarmor.fr/CP/cpx/cp/Cartes_postales/AD22_16_Fi_0473_0374.jpg	16_Fi 473	s.d. [1910-1920]	/PAYSAGE/BORD DE MER/ROCHER/			Ile-de-Bréhat	Côtes-d'Armor	9 X 14	Ile de Bréhat - Roche Padadon.	Ile de Bréhat - Roche Padadon. Carte postale. - S.l., s.d. [ca 1910-1920], dim. : 9 x 14, noir et blanc	Cartes postales	012d1224-2769-4331-bd1d-b41877454fc3	48.8500824	-3.0175881
http://sallevirtuelle.cotesdarmor.fr/CP/cpx/cp/Cartes_postales/AD22_16_Fi_0485_0386.jpg	16_Fi 485	s.d. [1920]	/CARTE/TOPOGRAPHIE/		AUTEUR : I.E. DELEY	Ile-de-Bréhat	Côtes-d'Armor	9 X 14	Ile Bréhat	Ile Bréhat - [Carte de l'île]. L'original est visible : Hôtel central place du bourg. Carte postale. - Paris, auteur : I.E. Deley, s.d. [ca 1920], dim. : 9 x 14, noir et blanc	Cartes postales	2497b3da-b965-490a-b559-fbd198b360c7	48.8500824	-3.0175881
http://sallevirtuelle.cotesdarmor.fr/CP/cpx/cp/Cartes_postales/AD22_16_Fi_0495_0396.jpg	16_Fi 495	s.d. [1904-1908]	/REGATE/FOULE/SPECTATEUR/		COLLECTION : HAMON	Ile-de-Bréhat	Côtes-d'Armor	9 X 14	Ile de Bréhat - La foule assistant au débarquement le jour des régates.	Ile de Bréhat - La foule assistant au débarquement le jour des régates. Carte postale. - Guingamp, coll. : Hamon., s.d. [ca 1904-1908], dim. : 9 x 14, noir et blanc	Cartes postales	1909d1fa-a00b-40b3-be99-aec9837ce079	48.8500824	-3.0175881
http://sallevirtuelle.cotesdarmor.fr/CP/cpx/cp/Cartes_postales/AD22_16_Fi_0496_0397.jpg	16_Fi 496	s.d. [1904-1906]	/REGATE/FOULE/SPECTATEUR/		EDITEUR : RENAULT/ PHOTOGRAPHE : VUIBERT	Ile-de-Bréhat	Côtes-d'Armor	9 X 14	Ile de Bréhat - Les régates.	Ile de Bréhat - Les régates. Photographe : Vuibert. Carte postale. - Paimpol, ed. : Renault, s.d. [ca 1904-1906], dim. : 9 x 14, noir et blanc	Cartes postales	0458e924-0320-463c-9b35-f15e16f25745	48.8500824	-3.0175881
http://sallevirtuelle.cotesdarmor.fr/CP/cpx/cp/Cartes_postales/AD22_16_Fi_0498_0399.jpg	16_Fi 498	s.d. [1954]	/VUE AERIENNE/ILE/PORT/JETEE/BATEAU/MAISON/		PHOTOGRAPHE : RANCUREL/EDITEUR : EDITIONS AERIENNES CIM	Ile-de-Bréhat	Côtes-d'Armor	10 X 15	Ile de Bréhat - Vue aérienne - Arrivée des vedettes à l'île de Bréhat.	Ile de Bréhat - Vue aérienne - Arrivée des vedettes à l'île de Bréhat. Photographe : Rancurel. Carte postale. - Mâcon, impr. : Combier, s.d. [ca 1954], dim. : 10 x 15, noir et blanc	Cartes postales	15f9654e-a912-4914-bcfb-eb189731c4d9	48.8500824	-3.0175881
	16_Fi 502	s.d. [1904-1908]	/VUE D'ARCHITECTURE/PORTE/CHATEAU/PERSONNAGE/HANGAR/ROUE/		EDITEUR : CHAPELLE A.	Broons	Côtes-d'Armor	9 X 14	Broons - Vieille porte du château de la Ville-Morel.	Broons - Vieille porte du château de la Ville-Morel. Carte postale. - Broons, ed. : A. Chapelle,  s.d. [ca 1904-1908], dim. : 9 x 14, noir et blanc	Cartes postales	0745eed3-a668-492a-98cd-4b5e421a442d	48.317174	-2.262281
	16_Fi 503	s.d. [1926]	/MONUMENT COMMEMORATIF/COLONNE/CONNETABLE/		EDITEUR : LAGOUTTE	Broons	Côtes-d'Armor	14 X 9	Broons - Colonne Duguesclin - Lieu de sa naissance (1314).	Broons - Colonne Duguesclin - Lieu de sa naissance (1314). Carte postale. - S.l., édit : Lagoutte, Galeries Duguesclin,  s.d. [ca 1926], dim. : 14 x 9, sépia.	Cartes postales	0c3a301a-1348-499f-b20b-6ddeac936de1	48.317174	-2.262281
	16_Fi 511	s.d. [1890-1903]	/VUE D'ARCHITECTURE/PLACE/EGLISE/		EDITEUR : MARY ROUSSELIERE	Broons	Côtes-d'Armor	9 X 14	Broons - (C.-du-N.) - La place. Place Duguesclin.	Broons - (C.-du-N.) - La place. Place Duguesclin. Carte postale. - Rennes, ed. : E. Mary-Rousselière, s.d. [ca 1890-1903], dim. : 9 x 14, noir et blanc	Cartes postales	0979a954-5b77-4803-afbe-0dc21c35c549	48.317174	-2.262281
	16_Fi 516	s.d. [1904]	/VUE D'ARCHITECTURE/PORTE/CHATEAU/PERSONNAGE/		COLLECTION : CHAPELLE BROONS	Broons	Côtes-d'Armor	9 X 14	Vieux portails de la Ville Morelle en Broons.	Vieux portails de la Ville Morelle en Broons. Carte postale. - Broons, coll. : Chapelle, s.d. [ca 1904], dim. : 9 x 14, noir et blanc	Cartes postales	09ebf3c2-6be6-41d7-8221-41962f38ea0d	48.317174	-2.262281
	16_Fi 519	s.d. [1915]	/PAYSAGE/ROUTE/PERSONNAGE/		EDITEUR : SOREL J.	Broons	Côtes-d'Armor	9 X 14	Souvenir de Broons (C.-du-N.). - Arrivée route de Lamballe.	Souvenir de Broons (C.-du-N.). - Arrivée route de Lamballe. Carte postale. - Rennes, ed. : J. Sorel, s.d. [ca 1915], dim. : 9 x 14, noir et blanc	Cartes postales	13ec8c9c-8dec-466a-a79d-ba65257cd784	48.317174	-2.262281
	16_Fi 527	s.d. [1914]	/VUE D'ARCHITECTURE/PLACE/RUE/PERSONNAGE/		EDITEUR : TIREL-HAMON	Callac-de-Bretagne	Côtes-d'Armor	9 X 14	Callac - Rue de l'église.	Callac - Rue de l'église. Carte postale. - Guingamp, coll. : Tirel-Hamon,  s.d. [ca 1914], dim. : 9 x 14, noir et blanc.	Cartes postales	07ab4ffd-8b40-492c-bc80-e50ff1f1d368	48.404337	-3.427742
	16_Fi 529	s.d. [1907]	/VUE D'ARCHITECTURE/PLACE/RUE/EGLISE/PERSONNAGE/		EDITEUR : TOUBOULIC QUINCAILLIER	Callac-de-Bretagne	Côtes-d'Armor	9 X 14	Callac - Rue de l'église.	Callac - Rue de l'église. Carte postale. - Callac, ed. : Touboulic, s.d. [ca 1907], dim. : 9 x 14, noir et blanc.	Cartes postales	1781ec40-1546-4489-aa28-83ff29785d6d	48.404337	-3.427742
	16_Fi 535	s.d. [1910]	/ROUTE/PERSONNAGE/CHARRETTE/CHEVAL/MAISON/RUINE/FORTIFICATION/		EDITEUR : GLERANT	Callac-de-Bretagne	Côtes-d'Armor	9 X 14	Callac - Route de Guingamp.	Callac - Route de Guingamp. Carte postale. - Callac, ed. : Glérant, s.d. [ca 1910], dim. : 9 x 14, noir et blanc.	Cartes postales	1905c53d-65f5-4a73-b82c-339d5c5fbe0e	48.404337	-3.427742
	16_Fi 539	s.d. [1903]	/PLACE/MARCHE/FOULE/HOMME/FEMME/BOEUF/ETAL/		PHOTOGRAPHE : MANCEL/EDITEUR : MANCEL	Callac-de-Bretagne	Côtes-d'Armor	9 X 14	Callac - Marché aux boeufs.	Callac - Marché aux boeufs. Carte postale. - Binic,  pho.-éditeur : A. Mancel, s.d. [ca 1903], dim. : 9 x 14, noir et blanc.	Cartes postales	17a93f80-9d11-447a-a6e7-0fecb0901539	48.404337	-3.427742
	16_Fi 543	s.d. [1890-1903]	/VUE D'ARCHITECTURE/CHAPELLE/		PHOTOGRAPHE : LAFAYE/EDITEUR : JONIAUX L.	Carnoët	Côtes-d'Armor	14 X 9	Carnoët. Abside de la chapelle Saint-Gildas XIIe siècle.	Carnoët. Abside de la chapelle Saint-Gildas XIIe siècle. Photographe : Lafaye. Carte postale. - Le Mans, ed. : L. Joniaux, s.d. [ca 1890-1903], dim. : 14 x 9, noir et blanc.	Cartes postales	25487a85-9d50-4952-8d7b-26859f363425	48.3569163	-3.6124736
	16_Fi 549	s.d. [1935-1940]	/PAYSAGE/LAC/		EDITEUR : WARON A.	Caurel	Côtes-d'Armor	9 X 14	La Bretagne pittoresque. Barrage de Guerlédan, entre Mûr et Caurel. - Bords du lac.	La Bretagne pittoresque. Barrage de Guerlédan, entre Mûr et Caurel. - Bords du lac. Carte postale. -  Saint-Brieuc, coll. : A. Waron, s.d. [ca 1935-1940], dim. : 9 x 14, sépia	Cartes postales	11af5307-77e3-48f2-a44e-9b170396801e	48.216103	-3.038547
	16_Fi 561	s.d. [1904-1908]	/AUTEL/RETABLE/OBJET DU CULTE/		AUTEUR : MTLI (TREFLE)	Châtelaudren	Côtes-d'Armor	9 X 14	Châtelaudren. Bas-relief et retable en bois doré. Monument du Maître-Autel.	Châtelaudren. Bas-relief et retable en bois doré. Monument du Maître-Autel. Carte postale. - S.l.,  s.d. [ca 1904-1908], dim. : 9 x 14, noir et blanc.	Cartes postales	16cafd96-7a6b-431a-bd3c-5a733539b8cd	48.543588	-2.967909
	16_Fi 570	s.d. [1904-1909]	/ETANG/CADRE URBAIN/SCENE/FEMME/LESSIVE/		EDITEUR : HAMONIC E.	Châtelaudren	Côtes-d'Armor	9 X 14	Lavandières à l'étang de Châtelaudren.	Lavandières à l'étang de Châtelaudren. Carte postale. - Saint-Brieuc, coll. : Hamonic E., s.d. [ca 1904-1909], dim. : 9 x 14, noir et blanc.	Cartes postales	0322b4d2-7c65-4bef-8c58-05c56e0ad9b2	48.543588	-2.967909
	16_Fi 584	s.d. [1890-1903]	/VUE D'ARCHITECTURE/MOULIN A EAU/ROUE/PERSONNAGE/		EDITEUR : WARON A.	Coëtmieux	Côtes-d'Armor	9 X 14	Vieux moulin de la Perche à Coetmieux près Lamballe.	Vieux moulin de la Perche à Coetmieux près Lamballe. - Saint-Brieuc, ed. A. Waron,  s.d. [ca 1890-1903], dim. : 9 x 14, noir et blanc.	Cartes postales	1210af86-97bb-4467-8949-46e135386414	48.491206	-2.601459
	16_Fi 587	s.d. [1904-1908]	/VUE D'ARCHITECTURE/CHATEAU/DEPENDANCES (COMMUNS ET)/VACHE/		EDITEUR : MANCEL	Cohiniac	Côtes-d'Armor	9 X 14	Cohiniac. - Château du Rumain.	Cohiniac. - Château du Rumain. Carte postale. - Binic, phot.édit. : Mancel, s.d. [ca 1904-1908], dim. : 9 x 14, noir et blanc.	Cartes postales	19af705d-dcff-4472-8c8d-5c2699bfd8fe	48.461945	-2.951035
	16_Fi 593	s.d. [1910-1920]	/VUE D'ARCHITECTURE/EGLISE/MAISON/PERSONNAGE/		EDITEUR : HAMONIC E.	Corlay	Côtes-d'Armor	9 X 14	Eglise de Corlay.	Eglise de Corlay. Carte postale. - Saint-Brieuc, coll. : E. Hamonic, s.d. [ca 1910-1920], dim. : 9 x 14, noir et blanc.	Cartes postales	0a8f2731-4616-4c24-95b6-ccb87d00986f	48.318168	-3.05861
	16_Fi 598	s.d. [1920]	/VUE D'ARCHITECTURE/RUE/MAISON/CALVAIRE MONUMENTAL/		EDITEUR : SOREL J.	Corlay	Côtes-d'Armor	9 X 14	Corlay - Rue du Lin.	Corlay - Rue du Lin. Carte postale. - Rennes, ed. : J Sorel, s.d. [ca 1920 ], dim. : 9 x 14, noir et blanc.	Cartes postales	119b81cc-a618-4295-b0b6-6eadc9e5cdf3	48.318168	-3.05861
	16_Fi 610	s.d. [1904]	/VUE D'ARCHITECTURE/RUINE/CHATEAU/GENDARMERIE/CHEVAL/		EDITEUR : MANCEL	Corlay	Côtes-d'Armor	9 X 14	Corlay. - Entrée du Vieux Château.	Corlay. - Entrée du Vieux Château. Carte postale. - Binic, ed. : Mancel, s.d. [ca 1904], dim. : 9 x 14, noir et blanc.	Cartes postales	0fbef64a-5038-4b7e-93ca-1ee59857d625	48.318168	-3.05861
	16_Fi 633	s.d. [1917-1925]	/CONGREGATION RELIGIEUSE/BATIMENT/VUE D'ARCHITECTURE/HOPITAL/CIMETIERE/		EDITEUR : J.P.	Créhen	Côtes-d'Armor	9 X 14	Créhen (C-du-N.) - Divine Providence (Une partie de l'Hôpital vue du cimetière de la Communauté).	Créhen (C-du-N.) - Divine Providence (Une partie de l'Hôpital vue du cimetière de la Communauté). Carte postale. - Dinan, ed. : J. P., s.d. [ca 1917-1925], dim. : 9 x 14, noir et blanc.	Cartes postales	13133e75-d5b4-4c29-b0ae-f2dbc3d63eee	48.544935	-2.214172
	16_Fi 646	s.d. [1910-1920]	/VUE D'ARCHITECTURE/PONT/TRAIN/RIVIERE/VILLAGE/PERSONNAGE/		EDITEUR : ROUXEL	Créhen	Côtes-d'Armor	9 X 14	Le Guildo. - Le nouveau pont sur l'Arguenon - Passage du train de Plancoët à Saint-Cast.	Le Guildo. - Le nouveau pont sur l'Arguenon - Passage du train de Plancoët à Saint-Cast. Carte postale. - Dinan, ed. : J. Rouxel, s.d. [ca 1910-1920], dim. : 9 x 14, noir et blanc.	Cartes postales	252bf34d-cc0b-42f0-8027-4eb503faa9ec	48.544935	-2.214172
	16_Fi 652	s.d. [1904-1908]	/RIVIERE/RUINE/CHATEAU/		AUTEUR : E.D.	Créhen	Côtes-d'Armor	9 X 14	Le Guildo - Ruines du château.	Le Guildo - Ruines du château. Carte postale. - S.l., auteur : E. D., s.d. [ca 1904-1908], dim. : 9 x 14, noir et blanc.	Cartes postales	0e169c06-3f5d-47ad-b0c8-569e5caf7c5b	48.544935	-2.214172
	16_Fi 653	s.d. [1910-1920]	/RIVIERE/RUINE/CHATEAU/		EDITEUR : HAMONIC E.	Créhen	Côtes-d'Armor	9 X 14	Ruines du château du Guildo. Au fond, le pont et le port du Guildo.	Ruines du château du Guildo. Au fond, le pont et le port du Guildo. Carte postale. - Saint-Brieuc, coll. : E. Hamonic, s.d. [ca 1910-1920], dim. : 9 x 14, noir et blanc.	Cartes postales	1fba6330-b4c3-4582-bffe-a1509a63d0a7	48.544935	-2.214172
	16_Fi 655	s.d. [1904-1908]	/RUINE/CHATEAU/VACHE/PERSONNAGE/			Créhen	Côtes-d'Armor	9 X 14	Le Guildo. - Ruines du château de Gilles de Bretagne.	Le Guildo. - Ruines du château de Gilles de Bretagne. Carte postale. - S.l., s.d. [ca 1904-1908], dim. : 9 x 14, noir et blanc.	Cartes postales	0e5b9c6e-41db-4009-89ff-a98b6897619f	48.544935	-2.214172
	16_Fi 662	s.d. [1930]	/CONGREGATION RELIGIEUSE/ECOLE/PENSIONNAT/ELEVE/FILLE/		PHOTOGRAPHE : BINET	Créhen	Côtes-d'Armor	9 X 14	Créhen - Pensionnat de l'immaculée-Conception. Le couloir des classes.	Créhen - Pensionnat de l'immaculée-Conception. Le couloir des classes. Photographe : Binet. Carte postale. - Saint-Brieuc, s.d. [ca 1930], dim. : 14 x 9, sépia.	Cartes postales	226c3297-f12d-4fe3-adc1-32b6e28c75e5	48.544935	-2.214172
	16_Fi 665	s.d. [1904-1908]	/PAYSAGE/RIVIERE/		EDITEUR : HAMONIC E.	Créhen	Côtes-d'Armor	9 X 14	Les Bords de l'Arguenon au Guildo.	Les Bords de l'Arguenon au Guildo. Carte postale. - Saint-Brieuc, coll. : Hamonic E., s.d. [ca 1904-1908], dim. : 9 x 14, noir et blanc.	Cartes postales	1851167b-09c3-4320-b1dd-8c5345c17956	48.544935	-2.214172
	16_Fi 684	s.d. [1910-1920]	/VUE D'ARCHITECTURE/CHATEAU/			Dinan	Côtes-d'Armor	9 X 14	Dinan - Ancien château de la Duchesse Anne.	Dinan - Ancien château de la Duchesse Anne. Carte postale. - S.l., s.d. [ca 1910-1920], dim. : 9 x 14, noir et blanc.	Cartes postales	1cb41f13-d0e2-47be-a7f3-1e4ff10c2034	48.454366	-2.047327
	16_Fi 687	s.d. [1930-1940]	/VUE D'ARCHITECTURE/CHATEAU/		PHOTOGRAPHE : GABY/EDITEUR : ARTAUD G.	Dinan	Côtes-d'Armor	9 X 14	Dinan (C.-du-N.) - Entrée du château de la Duchesse Anne.	Dinan (C.-du-N.) - Entrée du château de la Duchesse Anne. Photographe : Gaby. Carte postale. - Nantes, ed. : G. Artaud, s.d. [ca 1930-1940], dim. : 9 x 14, noir et blanc.	Cartes postales	120a7c34-da59-4e62-9342-2a7782900025	48.454366	-2.047327
	16_Fi 693	s.d. [1908]	/VUE D'ARCHITECTURE/CHATEAU/REMPART/			Dinan	Côtes-d'Armor	9 X 14	Dinan - Château de la Duchesse Anne.	Dinan - Château de la Duchesse Anne. Carte postale. - S.l., s.d. [ca 1908], dim. : 9 x 14, noir et blanc.	Cartes postales	13672c8d-4b2a-4a5e-bc42-6cde6535122d	48.454366	-2.047327
	16_Fi 698	s.d. [1940]	/VUE D'ARCHITECTURE/TOUR FORTIFIEE/PORTE DE VILLE/		EDITEUR : CAP	Dinan	Côtes-d'Armor	14 X 9	Dinan - La porte de Jerzual.	Dinan - La porte de Jerzual. Carte postale. - Strasbourg, auteur : CAP, s.d. [ca 1940], dim. : 14 x 9, noir et blanc.	Cartes postales	15f5432d-7826-44be-af1c-f32eee68023d	48.454366	-2.047327
	16_Fi 701	s.d. [1904-1908]	/VUE D'ARCHITECTURE/TOUR FORTIFIEE/PORTE DE VILLE/MAISON/CHARRETTE/PERSONNAGE/		EDITEUR : A.G.	Dinan	Côtes-d'Armor	9 X 14	Dinan - Porte Saint-Louis.	Dinan - Porte Saint-Louis. Carte postale. - S.l., s.d. [ca 1904-1908], dim. : 9 x 14, noir et blanc.	Cartes postales	0b34e759-efd9-4d25-a976-95441893a093	48.454366	-2.047327
	16_Fi 702	s.d. [1910-1920]	/VUE D'ARCHITECTURE/TOUR FORTIFIEE/PORTE DE VILLE/		EDITEUR : LL	Dinan	Côtes-d'Armor	14 X 9	Dinan - La porte de Jerzual.	Dinan - La porte de Jerzual. Carte postale. - S.l., ed. : LL., s.d. [ca 1910-1920], dim. : 14 x 9, noir et blanc.	Cartes postales	206d0cc3-ac41-4749-ac93-62540402b40d	48.454366	-2.047327
	16_Fi 710	s.d. [1917-1925]	/VUE D'ARCHITECTURE/TOUR FORTIFIEE/PORTE DE VILLE/		EDITEUR : LL	Dinan	Côtes-d'Armor	14 X 9	Dinan - La rue Saint-Malo.	Dinan - La rue Saint-Malo. Carte postale. - S.l., ed. : LL., s.d. [ca 1917-1925], dim. : 14 x 9,  noir et blanc.	Cartes postales	0353efd5-988f-40ab-aeff-3b41504029a2	48.454366	-2.047327
	16_Fi 712	s.d. [1904-1908]	/VUE D'ARCHITECTURE/RUE/PERSONNAGE/		COLLECTION : GERMAIN FILS AINE	Dinan	Côtes-d'Armor	14 X 9	Dinan - Porte Saint-Louis.	Dinan - Porte Saint-Louis. Carte postale. - Saint-Malo, coll. : Germain fils ainé, s.d. [ca 1904-1908], dim. : 14 x 9, noir et blanc.	Cartes postales	033f6975-f0b2-4054-95be-1d49d4f3893e	48.454366	-2.047327
	16_Fi 713	s.d. [1922]	/VUE D'ARCHITECTURE/PORTE DE VILLE/FORTIFICATION/		EDITEUR : MANCEL	Dinan	Côtes-d'Armor	9 X 14	Dinan - Porte Saint-Malo et vieille enceinte des fortifications.	Dinan - Porte Saint-Malo et vieille enceinte des fortifications. Carte postale. - Dinan, ed. : Mancel, s.d. [ca 1922], dim. : 9 x 14, noir et blanc.	Cartes postales	109b8c26-6d67-47e1-aab1-e5bd96f68087	48.454366	-2.047327
	16_Fi 719	s.d. [1917-1925]	/VUE D'ARCHITECTURE/PORTE DE VILLE/FORTIFICATION/STATUE/VIERGE/ENFANT/			Dinan	Côtes-d'Armor	14 X 9	Dinan - La porte du Jerzual.	Dinan - La porte du Jerzual. Carte postale. - S.l., s.d. [ca 1917-1925], dim. : 14 x 9, noir et blanc.	Cartes postales	0ad75a8c-fb48-4ce7-ab3d-ccf1a34aedd1	48.454366	-2.047327
	16_Fi 729	s.d. [1903]	/VUE D'ARCHITECTURE/PORTE DE VILLE/FORTIFICATION/STATUE/VIERGE/PERSONNAGE/		EDITEUR : G.F.	Dinan	Côtes-d'Armor	9 X 14	Dinan - Porte du Jerzual.	Dinan - Porte du Jerzual. Carte postale. - S.l., coll. : G.F. s.d. [ca 1903], dim. : 9 x 14, noir et blanc.	Cartes postales	096bbe4a-839c-48fa-8b0c-c66f7eb89eef	48.454366	-2.047327
	16_Fi 731	s.d. [1904]	/VUE D'ARCHITECTURE/CASERNE/SOLDAT/CAVALERIE/GUERITE/		EDITEUR : ROUXEL J.	Dinan	Côtes-d'Armor	9 X 14	Dinan - Quartier Beaumanoir (13 e hussards).	Dinan - Quartier Beaumanoir (13 e hussards). Carte postale. - S.l., ed. : J. Rouxel, s.d. [ca 1904], dim. : 9 x 14, noir et blanc.	Cartes postales	1b39e9d2-d479-4987-868b-14457a08da5a	48.454366	-2.047327
	16_Fi 734	s.d. [1918]	/VUE D'ARCHITECTURE/CASERNE/GUERITE/TENTE/ARTILLERIE/GROUPE/SOLDAT/		EDITEUR : PASSEMARD J.	Dinan	Côtes-d'Armor	9 X 14	Dinan (C.-du-N.) - Quartier de Beaumanoir (10 è d'artillerie).	Dinan (C.-du-N.) - Quartier de Beaumanoir (10 è d'artillerie). Carte postale. - Dinan, ed. : J. Passemard, s.d. [ca 1918], dim. : 9 x 14, noir et blanc.	Cartes postales	1ec728fb-25fc-4362-8609-924bb37c8507	48.454366	-2.047327
	16_Fi 745	s.d. [1910-1920]	/VUE D'ARCHITECTURE/ORATOIRE/ECOLE/PERSONNAGE/		IMPR. : CATALA FRERES	Dinan	Côtes-d'Armor	9 X 14	Dinan - Ecole des Cordeliers - Un oratoire de l'ancien monastère et cour des externes.	Dinan - Ecole des Cordeliers - Un oratoire de l'ancien monastère et cour des externes. Carte postale. - Paris, impr : Catala frères, s.d. [ca 1910-1920], dim. : 9 x 14, noir et blanc.	Cartes postales	1e147e8c-759d-4fb7-9440-87d839601ed3	48.454366	-2.047327
	16_Fi 760	s.d. [1930-1940]	/VUE D'ARCHITECTURE/EGLISE/COLONNE/STATUE/		EDITEUR : LAURENT NEL	Dinan	Côtes-d'Armor	14 X 9	Dinan - Eglise Saint-Sauveur.	Dinan - Eglise Saint-Sauveur. Carte postale. - Rennes, ed. : Nel Laurent, s.d. [ca 1930-1940], dim. : 9 x 14, noir et blanc.	Cartes postales	18562890-adb2-46ae-a11b-0a3defa9005a	48.454366	-2.047327
	16_Fi 761	s.d. [1904-1908]	/VUE D'ARCHITECTURE/EGLISE/COLONNE/STATUE/		EDITEUR : PASSEMARD J.	Dinan	Côtes-d'Armor	9 X 14	Dinan - Abside de Saint-Sauveur et la statue de Néel de la Vigne.	Dinan - Abside de Saint-Sauveur et la statue de Néel de la Vigne. Carte postale. - Dinan, ed. : J. Passemard, s.d. [ca 1904-1908], dim. : 9 x 14, noir et blanc.	Cartes postales	15c48a11-3c8a-4fe4-a690-cbf6f9cdc71c	48.454366	-2.047327
	16_Fi 769	s.d. [1905]	/VUE D'ARCHITECTURE/EGLISE/PLACE/TOUR/HORLOGE/		PHOTOGRAPHE : ND	Dinan	Côtes-d'Armor	9 X 14	Dinan - L'église Saint-Sauveur.	Dinan - L'église Saint-Sauveur. Carte postale. - S.l., coll. : N.D., s.d. [ca 1905], dim. : 9 x 14, noir et blanc.	Cartes postales	0cc7473f-6daf-439b-bf1d-ae849d087f98	48.454366	-2.047327
	16_Fi 771	s.d. [1904]	/VUE D'ARCHITECTURE/EGLISE/TOUR/HORLOGE/SCENE/PLACE/MARCHE/FOULE/		EDITEUR : LL	Dinan	Côtes-d'Armor	14 X 9	Dinan - La place, l'église Saint-sauveur et la tour de l'horloge.	Dinan - La place, l'église Saint-sauveur et la tour de l'horloge. Carte postale. - S.l., ed. : LL., s.d. [ca 1904], dim. : 9 x 14, noir et blanc.	Cartes postales	2546b98e-d21a-412c-bc37-68642daf0974	48.454366	-2.047327
	16_Fi 777	s.d. [1890-1903]	/VUE D'ARCHITECTURE/EGLISE/PORTAIL/		PHOTOGRAPHE : ND	Dinan	Côtes-d'Armor	9 X 14	Dinan - Portail de l'église Saint-Sauveur.	Dinan - Portail de l'église Saint-Sauveur. Photographe : N.D. Carte postale. - S.l., s.d. [ca 1890-1903], dim. : 9 x 14, noir et blanc.	Cartes postales	1bf0fa3e-1981-4468-b6f6-805dd6bba428	48.454366	-2.047327
	16_Fi 791	s.d. [1917-1925]	/VUE D'INTERIEUR/EGLISE/			Dinan	Côtes-d'Armor	14 X 9	Dinan - Intérieur de l'église Saint-Malo.	Dinan - Intérieur de l'église Saint-Malo. Carte postale. - S.l., s.d. [ca 1917-1925], dim. : 14 x 9, noir et blanc.	Cartes postales	1ed73034-c9aa-466b-aacc-c4cd7ea18793	48.454366	-2.047327
	16_Fi 792	s.d. [1919]	/BENITIER/STATUE/DIABLE/		EDITEUR : LL	Dinan	Côtes-d'Armor	14 X 9	Dinan - L'église Saint-Malo - Le Diable portant un bénitier.	Dinan - L'église Saint-Malo - Le Diable portant un bénitier. Carte postale. - Paris, ed. : Lévy fils et Cie, s.d. [ca 1919], dim. : 14 x 9, noir et blanc.	Cartes postales	11266c8a-e1f7-4f83-87b9-14dcf0de9f60	48.454366	-2.047327
	16_Fi 793	s.d. [1910-1920]	/VUE D'INTERIEUR/EGLISE/		PHOTOGRAPHE : ND	Dinan	Côtes-d'Armor	14 X 9	Dinan - Nef de l'église Saint-Malo.	Dinan - Nef de l'église Saint-Malo. Photographe : N.D. Carte postale. - S.l., s.d. [ca 1910-1920], dim. : 14 x 9, noir et blanc.	Cartes postales	0614e794-314c-4a27-8a86-f3ae65212767	48.454366	-2.047327
	16_Fi 795	s.d. [1916]	/VUE D'ARCHITECTURE/EGLISE/		EDITEUR : GOUPIL	Dinan	Côtes-d'Armor	9 X 14	Dinan - Eglise Saint-Malo.	Dinan - Eglise Saint-Malo. Carte postale. - S.l., s.d. [ca 1916], dim. : 9 x 14, noir et blanc.	Cartes postales	24c55de8-9b2e-4694-8cec-22cefa4bce08	48.454366	-2.047327
	16_Fi 798	s.d. [1904-1908]	/VUE D'INTERIEUR/EGLISE/		EDITEUR : LL	Dinan	Côtes-d'Armor	14 X 9	Dinan - L'église Saint-Malo. - Intérieur.	Dinan - L'église Saint-Malo. - Intérieur. Carte postale. - S.l., ed. : LL, s.d. [ca 1904-1908], dim. : 14 x 9, noir et blanc.	Cartes postales	15b1a422-c112-4c54-b9ee-2cb00ed8b7ed	48.454366	-2.047327
	16_Fi 799	s.d. [1890-1903]	/STATUE EQUESTRE/CONNETABLE/		EDITEUR : ND	Dinan	Côtes-d'Armor	14 X 9	Dinan - La statue de Du Guesclin, par E. Frémiet.	Dinan - La statue de Du Guesclin, par E. Frémiet. Carte postale. - S.l, ed. : N.D., s.d. [ca 1890-1903], dim. : 14 x 9, noir et blanc.	Cartes postales	0060fab1-e03f-4148-921a-07e2b9701666	48.454366	-2.047327
	16_Fi 801	s.d. [1920]	/STATUE EQUESTRE/CONNETABLE/		EDITEUR : CAP	Dinan	Côtes-d'Armor	14 X 9	Dinan - Statue de Du Guesclin.	Dinan - Statue de Du Guesclin. Carte postale. - Strasbourg, auteur : CAP, s.d. [ca 1920], dim. : 14 x 9, noir et blanc.	Cartes postales	19a64b72-ea98-4053-b79f-3843cf6086e5	48.454366	-2.047327
	16_Fi 802	s.d. [1919]	/STATUE EQUESTRE/CONNETABLE/		EDITEUR : ARTAUD ET NOZAIS	Dinan	Côtes-d'Armor	14 X 9	Dinan - Statue de Du Guesclin.	Dinan - Statue de Du Guesclin. Carte postale. - Nantes, ed. : Artaud et Nozais, s.d. [ca 1919], dim. : 14 x 9, noir et blanc.	Cartes postales	03771439-cad2-4f9f-86df-afdaf1214a18	48.454366	-2.047327
	16_Fi 810	s.d. [1890-1903]	/VUE D'ARCHITECTURE/VILLE/EGLISE/		PHOTOGRAPHE : ND/EDITEUR : MARY ROUSSELIERE	Dinan	Côtes-d'Armor	9 X 14	Vue générale prise de la Tour de l'Horloge.	Vue générale prise de la Tour de l'Horloge. Photographe : N.D. Carte postale. - Rennes, ed. : Mary-Rousselière, s.d. [ca 1890-1903], dim. : 9 x 14, noir et blanc.	Cartes postales	0b2dc05f-3137-4777-b983-96fc79df9aec	48.454366	-2.047327
	16_Fi 812	s.d. [1930]	/VUE D'ARCHITECTURE/MAISON/PAN-DE-BOIS/TOUR/		EDITEUR : ARTAUD G.	Dinan	Côtes-d'Armor	14 X 9	Dinan - Vieille maison, rue de l'Horloge.	Dinan - Vieille maison, rue de l'Horloge. Carte postale. - Nantes, ed. : G. Artaud, s.d. [ca 1930], dim. : 14x9, sépia.	Cartes postales	04460356-037b-4332-a3af-f1330826d7d3	48.454366	-2.047327
	16_Fi 815	s.d. [1904-1908]	/VUE D'ARCHITECTURE/RUE/MAISON/PAN-DE-BOIS/PORTE/PERSONNAGE/PORCHE/		EDITEUR : ROUXEL	Dinan	Côtes-d'Armor	14 X 9	Porches et Place des Cordeliers.	Porches et Place des Cordeliers. Carte postale. - Dinan, ed. : Rouxel, s.d. [ca 1904-1908], dim. : 14 x 9, noir et blanc.	Cartes postales	0bfa957d-72ca-4aa6-ac5f-f4127975b9f2	48.454366	-2.047327
	16_Fi 817	s.d. [1912]	/VUE D'ARCHITECTURE/RUE/PORCHE/PERSONNAGE/		EDITEUR : LL	Dinan	Côtes-d'Armor	9 X 14	Le dessous des maisons de la rue des Cordeliers.	Le dessous des maisons de la rue des Cordeliers. Carte postale. - S.l, ed. : LL, s.d. [ca 1912], dim. : 9 x 14, noir et blanc.	Cartes postales	2269b132-d4a5-40f4-87c4-e78898c3dfb1	48.454366	-2.047327
	16_Fi 820	s.d. [1940]	/VUE D'ARCHITECTURE/RUE/MAISON/PORCHE/		EDITEUR : LAURENT NEL/PHOTOGRAPHE : LOIC	Dinan	Côtes-d'Armor	14 X 9	Les maisons à porches de la rue de l'Apport.	Les maisons à porches de la rue de l'Apport. Carte postale. - Rennes, ed. : Laurent Nel, s.d. [ca 1940], dim. : 14 x 9, noir et blanc.	Cartes postales	11e48ceb-89d3-4de0-a9d8-f8796abeedc4	48.454366	-2.047327
	16_Fi 828	s.d. [1917-1925]	/VUE D'ARCHITECTURE/ECOLE/BATIMENT/CLOITRE/COUR/ELEVE/GARCON/RELIGIEUX/RECREATION/		EDITEUR : B.F. /IMPR. : CATALA FRERES	Dinan	Côtes-d'Armor	9 X 14	Ecole des Cordeliers - La cour du cloître.	Ecole des Cordeliers - La cour du cloître. Carte postale. - Paris, impr. : Catala frères, s.d. [ca 1917-1925], dim. : 9 x 14, noir et blanc.	Cartes postales	03d6aab6-e7c6-45e4-9806-c56ccf43406c	48.454366	-2.047327
	16_Fi 830	s.d. [1920]	/STATUE/SOLDAT/		EDITEUR : LEVY ET NEURDEIN REUNIS/EDITEUR : LL	Dinan	Côtes-d'Armor	14 X 9	Statue de Beaumanoir.	Statue de Beaumanoir. Carte postale. - Paris, ed. : Lévy et Neurdein réunis, s.d. [ca 1920], dim. : 14 x 9, noir et blanc.	Cartes postales	11279bbd-4efd-4fb7-8dc5-cabddc9d50c9	48.454366	-2.047327
	16_Fi 831	s.d. [1924]	/VUE D'ARCHITECTURE/HOTEL PARTICULIER/		EDITEUR : LEVY ET NEURDEIN REUNIS/EDITEUR : LL	Dinan	Côtes-d'Armor	14 X 9	Hôtel Beaumanoir, escalier monumental.	Hôtel Beaumanoir, escalier monumental. Carte postale. - Paris, ed. : Levy et Neurdein réunis, s.d. [ca 1924], dim. : 14 x 9, noir et blanc.	Cartes postales	069fbc42-261d-4220-9a5c-a790c113c241	48.454366	-2.047327
	16_Fi 851	s.d. [1904-1908]	/DESSIN/VUE D'ARCHITECTURE/RUE/PERSONNAGE/		COLLECTION : MAGGI/DEL. : FRAIPONT/AUTEUR : FORTIER ET MAROTTE	Dinan	Côtes-d'Armor	14 X 9	La rue du Jerzual.	La rue du Jerzual. Del. : G. Fraipont. Carte postale. - Paris, auteur : Fortier et Marotte, s.d. [ca 1904-1908], dim. : 14 x 9, noir et blanc.	Cartes postales	12d4bd83-63b6-4805-ac65-3e06f4dd1640	48.454366	-2.047327
	16_Fi 859	s.d. [1904-1908]	/VUE D'ARCHITECTURE/RUE/MAISON/PAN-DE-BOIS/PERSONNAGE/		EDITEUR : PASSEMARD J.	Dinan	Côtes-d'Armor	14 X 9	Rue du Petit Port - Château branlant.	Rue du Petit Port - Château branlant. Carte postale. - Dinan, ed. : Passemard J., s.d. [ca 1904-1908], dim. : 14 x 9, noir et blanc.	Cartes postales	1197548c-ed99-441a-95ee-0fa084993bd5	48.454366	-2.047327
	16_Fi 869	s.d. [1910-1920]	/VUE D'ARCHITECTURE/PORT/PONT/VILLE/			Dinan	Côtes-d'Armor	9 X 14	Vue générale prise du Saut-à-l'Ane.	Vue générale prise du Saut-à-l'Ane. Carte postale. - S.l., s.d. [ca 1910-1920], dim. : 9 x 14, noir et blanc.	Cartes postales	1018e191-2f42-4360-9bad-fc225faad452	48.454366	-2.047327
	16_Fi 870	s.d. [1904-1908]	/VUE D'ARCHITECTURE/PORT/PONT/VILLE/		EDITEUR : PASSEMARD J.	Dinan	Côtes-d'Armor	9 X 14	Vue sur La Rance, prise du Saut à l'Ane.	Vue sur La Rance, prise du Saut à l'Ane. Carte postale. - Dinan, ed. : J. Passemard, s.d. [ca 1904-1908], dim. : 9 x 14, noir et blanc.	Cartes postales	097801c5-7409-477f-ab75-63e770586f82	48.454366	-2.047327
	16_Fi 877	s.d. [1910-1920]	/VUE D'ARCHITECTURE/VILLE/PORT/PONT/RIVIERE/		EDITEUR : G.F.	Dinan	Côtes-d'Armor	9 X 14	Vue générale.	Vue générale. Carte postale. - Saint-Malo, ed. : Guérin, s.d. [ca 1910-1920], dim. : 9 x 14, noir et blanc.	Cartes postales	1b2fc2ee-a35c-4081-a53a-389574190816	48.454366	-2.047327
	16_Fi 879	s.d. [1910-1920]	/TOUR FORTIFIEE/VUE D'ARCHITECTURE/		EDITEUR : VASSELLIER	Dinan	Côtes-d'Armor	9 X 14	La tour Cardinal construite au XIII e siècle par les ducs Jean de Bretagne.	La tour Cardinal construite au XIII e siècle par les ducs Jean de Bretagne. Carte postale. - Nantes, e.d., Vassellier, s.d. [ca 1910-1920], dim. : 9 x 14, noir et blanc.	Cartes postales	1e57dc8e-a005-4b72-87cf-abe02962dd0d	48.454366	-2.047327
	16_Fi 884	s.d. [1904-1908]	/VUE D'ARCHITECTURE/PORT/BATEAU/PONT/RIVIERE/		EDITEUR : PASSEMARD J.	Dinan	Côtes-d'Armor	9 X 14	Le vieux pont sur la Rance et le quai.	Le vieux pont sur la Rance et le quai. Carte postale. - Dinan, ed. : J. Passemard, s.d. [ca 1904-1908], dim. : 9 x 14, noir et blanc.	Cartes postales	0544a47b-48ba-4d81-81ce-99b69fd12cb6	48.454366	-2.047327
	16_Fi 886	s.d. [1917]	/VUE D'ARCHITECTURE/PONT/MAISON/RIVIERE/BATEAU/		EDITEUR : LL	Dinan	Côtes-d'Armor	9 X 14	Le vieux pont.	Le vieux pont. Carte postale. -  Paris, Lévy fils et cie, s.d. [ca 1917], dim. : 9 x 14, couleur.	Cartes postales	0b7394d3-a28b-4175-8095-5021f95216f2	48.454366	-2.047327
	16_Fi 887	s.d. [1930-1940]	/PAYSAGE/PORT/PONT/VILLE/BATEAU/RIVIERE/		EDITEUR : GUERIN	Dinan	Côtes-d'Armor	9 X 14	Vue générale.	Vue générale. Carte postale. - Saint-Malo,  ed. : M. Guérin, s.d. [ca 1930-1940], dim. : 9 x 14, noir et blanc.	Cartes postales	0e368746-f530-41b0-952e-3404eab9c0c8	48.454366	-2.047327
	16_Fi 898	s.d. [1924]	/VUE D'ARCHITECTURE/PORT/PONT/TRANSPORT MARITIME/BATEAU/VOYAGEUR/RIVIERE/			Dinan	Côtes-d'Armor	9 X 14	Le port - Arrivée d'une vedette.	Le port - Arrivée d'une vedette. Carte postale. - S.l., s.d. [ca 1924], dim. : 9 x 14, noir et blanc.	Cartes postales	1a7fe2a3-3bb9-4eca-85ad-9e5155d64bb1	48.454366	-2.047327
	16_Fi 899	s.d. [1916]	/VUE D'ARCHITECTURE/VIADUC/VILLE/FORTIFICATION/RIVIERE/MAISON/		EDITEUR : ARTAUD ET NOZAIS	Dinan	Côtes-d'Armor	9 X 14	Vue générale.	Vue générale. Carte postale. - Nantes, ed. : Artaud et Nozais,  s.d. [ca 1916], dim. : 9 x 14, noir et blanc.	Cartes postales	0c26016d-7e63-49d6-a718-93bab9358d33	48.454366	-2.047327
	16_Fi 921	s.d. [1904-1908]	/VUE D'ARCHITECTURE/MAISON/PAN-DE-BOIS/PORCHE/ETAL/PERSONNAGE/		PHOTOGRAPHE : ND	Dinan	Côtes-d'Armor	14 X 9	Vieilles maisons de la rue de l'Apport.	Vieilles maisons de la rue de l'Apport. Photographe : N.D. Carte postale. - S.l., s.d. [ca 1904-1908], dim. : 14 x 9, noir et blanc.	Cartes postales	0de03d4d-cb1b-4192-99d3-642e9015a87f	48.454366	-2.047327
	16_Fi 922	s.d. [1910-1920]	/VUE D'ARCHITECTURE/PORTE/ECOLE/RUE/MAISON/PORCHE/FIACRE/ENFANT/		EDITEUR : G.F.	Dinan	Côtes-d'Armor	9 X 14	Place des Cordeliers.	Place des Cordeliers. Carte postale. - S.l., ed. : G.F., s.d. [ca 1910-1920], dim. : 9 x 14, noir et blanc.	Cartes postales	15e772a4-5c1d-49d6-9123-97fc219a8f83	48.454366	-2.047327
	16_Fi 923	s.d. [1904-1908]	/VUE D'ARCHITECTURE/PONT/FER/		EDITEUR : B.F.	Dinan	Côtes-d'Armor	9 X 14	Pont de fer sur la vallée de la Fontaine des Eaux.	Pont de fer sur la vallée de la Fontaine des Eaux. Carte postale. - Paris, ed. : B.F., s.d. [ca 1904-1908], dim. : 9 x 14, noir et blanc.	Cartes postales	246712c6-717f-4a53-9743-1915f5dde73b	48.454366	-2.047327
	16_Fi 924	s.d. [1904-1905]	/VUE D'ARCHITECTURE/ECLUSE/RIVIERE/LAMPADAIRE/		EDITEUR : LL	Dinan	Côtes-d'Armor	9 X 14	L'écluse de la Rance.	L'écluse de la Rance. Carte postale. - S.l., ed. :LL. s.d. [ca 1904-1905], dim. : 9 x 14, noir et blanc.	Cartes postales	16947696-dbf5-4d5f-85ea-ac8b7d85d939	48.454366	-2.047327
	16_Fi 931	s.d. [1904-1908]	/VUE D'ARCHITECTURE/EGLISE/		AUTEUR : AQUA - PHOTO L.V. ET CIE	Dinan	Côtes-d'Armor	14 X 9	Abside de l'église Saint-Sauveur.	Abside de l'église Saint-Sauveur. Carte postale. - S.l., auteur : Aqua Photo L. V. et Cie, s.d. [ca 1904-1908], dim. : 14 x 9, couleur.	Cartes postales	1f2b4833-ee7c-4a91-a71e-71638805a5a0	48.454366	-2.047327
	16_Fi 939	s.d. [1890-1903]	/PARC/ALLEE/PROMENADE/HOMME/FEMME/BANC/CADRE URBAIN/		PHOTOGRAPHE : ND	Dinan	Côtes-d'Armor	9 X 14	La promenade des Petits-Fossés.	La promenade des Petits-Fossés. Carte postale. - Paris, Etablissements photographiques de Neurdein frères, s.d. [ca 1890-1903], dim. : 9 x 14, noir et blanc.	Cartes postales	25f0eed6-097e-44d8-9053-db1994a2619b	48.454366	-2.047327
	16_Fi 944	s.d. [1925]	/PAYSAGE/VIADUC/RIVIERE/		EDITEUR : BENOIT A.	Dinan	Côtes-d'Armor	9 X 14	Le viaduc et la Rance.	Le viaduc et la Rance. Carte postale. - Dinan, ed. : A. Benoit, s.d. [ca 1925], dim. : 9 x 14, noir et blanc.	Cartes postales	1c3a9c99-38a5-479b-8812-1ead7a5de3ad	48.454366	-2.047327
	16_Fi 946	s.d. [1930-1940]	/PAYSAGE/PORT/BATEAU/PONT/VIADUC/VILLE/		EDITEUR : LAURENT NEL	Dinan	Côtes-d'Armor	9 X 14	Vue générale.	Vue générale. Carte postale. - Rennes, ed. : Laurent Nel, s.d. [ca 1930-1940], dim. : 9 x 14, sépia.	Cartes postales	0e42f222-abc4-4693-9eed-c484a2895967	48.454366	-2.047327
	16_Fi 947	s.d. [1904-1908]	/VUE D'ARCHITECTURE/PORT/RIVIERE/BATEAU/PONT/VIADUC/		EDITEUR : LL	Dinan	Côtes-d'Armor	9 X 14	La Rance et le Port.	La Rance et le Port. Carte postale. - S.l., ed. : LL, s.d. [ca 1904-1908], dim. : 9 x 14, noir et blanc.	Cartes postales	1a22890d-0d81-4842-9480-562963cb7288	48.454366	-2.047327
	16_Fi 952	s.d. [1940]	/VUE D'ARCHITECTURE/VIADUC/PAYSAGE/RIVIERE/PONT/VILLE/PORT/		EDITEUR : CHEZ NANO/IMPR. : ARGRA	Rance (La)	Côtes-d'Armor	9 X 14	Le viaduc.	Le viaduc. Carte postale. - Toulouse, impr. : Argra, s.d. [ca 1940], dim. : 9 x 14, sépia.	Cartes postales	1675d412-9522-44fe-9f1f-45e5dea32384	48.454366	-2.047327
	16_Fi 955	s.d. [1904-1908]	/VUE D'ARCHITECTURE/RUE/HOMME/FEMME/		EDITEUR : A.G.	Dinan	Côtes-d'Armor	9 X 14	La rue de l'Apport.	La rue de l'Apport. Carte postale. - S.l., ed. : A.G., s.d. [ca 1904-1908], dim. : 9 x 14, noir et blanc.	Cartes postales	25a84feb-2918-448b-b434-1fc514810f86	48.454366	-2.047327
	16_Fi 962	s.d. [1910-1920]	/EGLISE/VUE D'INTERIEUR/		PHOTOGRAPHE : ND	Dinan	Côtes-d'Armor	14 X 9	Nef de l'église Saint-Sauveur.	Nef de l'église Saint-Sauveur. Photographe : N.D. Carte postale. - S.l., s.d. [ca 1910-1920], dim. : 14 x 9, noir et blanc.	Cartes postales	1e41f3cb-89d3-4194-bc3a-e7ecb06eb7bd	48.454366	-2.047327
	16_Fi 966	s.d. [1904-1908]	/SCENE/CHEVAL/CAVALIER/MILITAIRE/SAUT/RUISSEAU/		EDITEUR : PASSEMARD	Dinan	Côtes-d'Armor	9 X 14	13 e Hussard - Saut d'une rivière.	13 e Hussard - Saut d'une rivière. Carte postale. - Dinan, ed. : Passemard, s.d. [ca 1904-1908], dim. : 9 x 14, noir et blanc.	Cartes postales	135b23d8-bc2a-491a-878a-51be9d7d4c5b	48.454366	-2.047327
	16_Fi 996	s.d. [1904-1908]	/SCENE/MARCHE/VACHE/PERSONNAGE/		EDITEUR : LE MAILLOT H.	Dinan	Côtes-d'Armor	14 X 9	Le marché.	Le marché. Carte postale. - Saint-Malo, ed. : H. Le Maillot, s.d. [ca 1904-1908], dim. : 14 x 9, noir et blanc.	Cartes postales	0ba85e09-b12a-4c11-af88-2ade9004adc0	48.454366	-2.047327
	16_Fi 997	s.d. [1907]	/VUE D'ARCHITECTURE/RUE/INCENDIE/MAISON/PORCHE/PERSONNAGE/		EDITEUR : J.P.	Dinan	Côtes-d'Armor	14 X 9	Les porches (Vieilles maisons du XVII e siècle). Après l'incendie des 3 et 4 février 1907.	Les porches (Vieilles maisons du XVII e siècle). Après l'incendie des 3 et 4 février 1907. Carte postale. - Dinan, ed. : J.P., s.d. [ca 1907], dim. : 14 x 9, noir et blanc.	Cartes postales	22438522-682f-4eac-b6a0-d5115db64724	48.454366	-2.047327
